{"epoch": 99, "log_train_loss": 2.9613101478564805, "val_acc": 0.0, "log_val_loss": 1.9799672869422487, "_timestamp": 1669066230.7087097, "_runtime": 58.79360580444336, "_step": 99, "_wandb": {"runtime": 58}}