{"epoch": 39, "log_train_loss": 2.852128397851885, "val_acc": 0.0, "log_val_loss": 2.31731558273561, "_timestamp": 1669067446.3337688, "_runtime": 19.96386981010437, "_step": 39, "_wandb": {"runtime": 19}}