{"epoch": 39, "log_train_loss": 3.188272372116966, "val_acc": 0.0, "log_val_loss": 2.4443176905474786, "_timestamp": 1669067898.934086, "_runtime": 63.524945974349976, "_step": 39, "_wandb": {"runtime": 63}}