{"epoch": 39, "log_train_loss": 2.876207741641987, "val_acc": 0.0, "log_val_loss": 2.3352207094599557, "_timestamp": 1669068265.5189533, "_runtime": 20.203612327575684, "_step": 39, "_wandb": {"runtime": 19}}