{"epoch": 99, "train_loss": 1617.4983520507812, "val_acc": 0.25, "val_loss": 480.60799407958984, "_timestamp": 1669065808.8332627, "_runtime": 89.90639662742615, "_step": 99, "_wandb": {"runtime": 89}}