{"epoch": 39, "log_train_loss": 2.945612172283869, "val_acc": 0.0, "log_val_loss": 2.297111600908548, "_timestamp": 1669067130.6603568, "_runtime": 26.234116792678833, "_step": 39, "_wandb": {"runtime": 25}}