{"epoch": 39, "log_train_loss": 2.9223050579587935, "val_acc": 0.0, "log_val_loss": 2.2879282015630067, "_timestamp": 1669068176.7783935, "_runtime": 23.44923758506775, "_step": 39, "_wandb": {"runtime": 23}}