{"epoch": 99, "train_loss": 710.0342102050781, "val_acc": 0.0, "val_loss": 158.40345764160156, "_timestamp": 1669065557.5242383, "_runtime": 54.023003339767456, "_step": 99, "_wandb": {"runtime": 53}}