{"epoch": 39, "log_train_loss": 2.276370404213397, "val_acc": 0.07999999821186066, "log_val_loss": 1.6714585704156049, "_timestamp": 1669067245.1051087, "_runtime": 23.24834966659546, "_step": 39, "_wandb": {"runtime": 22}}