{"epoch": 39, "log_train_loss": 3.048144310341052, "val_acc": 0.0, "log_val_loss": 2.3319761250547573, "_timestamp": 1669068230.616801, "_runtime": 20.475362062454224, "_step": 39, "_wandb": {"runtime": 20}}