{"epoch": 99, "train_loss": 612.6409530639648, "val_acc": 0.0, "val_loss": 132.24154663085938, "_timestamp": 1669065710.5783608, "_runtime": 48.00480771064758, "_step": 99, "_wandb": {"runtime": 47}}