{"epoch": 99, "log_train_loss": 2.942264378028767, "val_acc": 0.0, "log_val_loss": 2.017897087067283, "_timestamp": 1669066328.4324648, "_runtime": 89.97155785560608, "_step": 99, "_wandb": {"runtime": 89}}