{"epoch": 39, "log_train_loss": 2.895863923385064, "val_acc": 0.0, "log_val_loss": 2.333653317800075, "_timestamp": 1669068004.2356012, "_runtime": 20.123732089996338, "_step": 39, "_wandb": {"runtime": 19}}