{"epoch": 39, "log_train_loss": 2.9272375324111906, "val_acc": 0.0, "log_val_loss": 2.317967809217143, "_timestamp": 1669067930.38742, "_runtime": 23.267897844314575, "_step": 39, "_wandb": {"runtime": 22}}